identifier,aaa,bbbb,cccc,dddd,title,creator,subjects,description,publisher,contributor,date,resource_type,format,language,source,relation,coverage,rights,card_url,image_url
U426_nichibunken_0001_0001_0000,426,0001,0001,0000,,歌川房種,麻疹；ハシカ，麻疹の神；ハシカノカミ,着物姿の女を駕籠が追い越していく。女の肩には童子のようなはしかのかみがしがみつき、駕籠にも頭頂部が禿げたはしかのかみが跨っている。,所蔵者：国際日本文化研究センター,,2006,画像,,日本語,親書誌： U426_nichibunken_0001 ：麻疹心得之圖画；ハシカココロエノズエ,,,所蔵者：国際日本文化研究センター,https://www.nichibun.ac.jp/cgi-bin/YoukaiGazou/card.cgi?identifier=U426_nichibunken_0001_0001_0000,https://www.nichibun.ac.jp/YoukaiGazou/image/U426_nichibunken_0001_0001_0000.jpg
U426_nichibunken_0004_0001_0000,426,0004,0001,0000,,歌川芳艶,麻疹；ハシカ，金柑；キンカン，飼葉桶；カイバオケ，麦；ムギ,中央に達磨のようなものが据えられている。金柑や麦、飼葉桶の頭に持つ化物達がその達磨のようなものを指差して、おののいたり逃げ回ったりしている。,所蔵者：国際日本文化研究センター,,2006,画像,,日本語,親書誌： U426_nichibunken_0004 ：はしかのまもり；ハシカノマモリ,,,所蔵者：国際日本文化研究センター,https://www.nichibun.ac.jp/cgi-bin/YoukaiGazou/card.cgi?identifier=U426_nichibunken_0004_0001_0000,https://www.nichibun.ac.jp/YoukaiGazou/image/U426_nichibunken_0004_0001_0000.jpg
U426_nichibunken_0005_0001_0000,426,0005,0001,0000,,歌川芳艶,麻疹；ハシカ，金柑；キンカン，飼葉桶；カイバオケ，麦；ムギ,中央下部に、麻疹への効果を語り合っている3体の化物が座っている。左前の麦の頭を持つ化物は短冊を持っている。飼葉桶の頭を持つ化物が右前に座っている。後方中央部には、金柑の頭に持つ化物がいる。,所蔵者：国際日本文化研究センター,,2006,画像,,日本語,親書誌： U426_nichibunken_0005 ：はしかまじないおしえ寶；ハシカマジナイオシエダカラ,,,所蔵者：国際日本文化研究センター,https://www.nichibun.ac.jp/cgi-bin/YoukaiGazou/card.cgi?identifier=U426_nichibunken_0005_0001_0000,https://www.nichibun.ac.jp/YoukaiGazou/image/U426_nichibunken_0005_0001_0000.jpg
U426_nichibunken_0007_0001_0000,426,0007,0001,0000,,歌川芳虎,麻疹；ハシカ，鐘馗；ショウキ，三つ目；ミツメ，四つ目；ヨツメ,ころり、はしか、麻疹、びょうりという4体の化物が、鐘馗や武人によって追い立てられている。,所蔵者：国際日本文化研究センター,,2006,画像,,日本語,親書誌： U426_nichibunken_0007 ：麻疹後の養生；ハシカノチノヨウジョウ,,,所蔵者：国際日本文化研究センター,https://www.nichibun.ac.jp/cgi-bin/YoukaiGazou/card.cgi?identifier=U426_nichibunken_0007_0001_0000,https://www.nichibun.ac.jp/YoukaiGazou/image/U426_nichibunken_0007_0001_0000.jpg
U426_nichibunken_0009_0001_0000,426,0009,0001,0000,麦殿大明神；ムギドノダイミョウジン,歌川芳盛,麻疹；ハシカ，麦殿大明神；ムギドノダイミョウジン,たらようの葉を手に持ち、うさい角の鎧を着けた麻疹独特の神である麦殿大明神が、麻疹神を踏みつけている。,所蔵者：国際日本文化研究センター,,2006,画像,,日本語,親書誌： U426_nichibunken_0009 ：麦殿大明神；ムギドノダイミョウジン,,,所蔵者：国際日本文化研究センター,https://www.nichibun.ac.jp/cgi-bin/YoukaiGazou/card.cgi?identifier=U426_nichibunken_0009_0001_0000,https://www.nichibun.ac.jp/YoukaiGazou/image/U426_nichibunken_0009_0001_0000.jpg
U426_nichibunken_0010_0001_0000,426,0010,0001,0000,,落合芳幾,麻疹；ハシカ，麦；ムギ，黒豆；クロマメ，うさい角；ウサイカク，麻疹の神；ハシカノカミ,麻疹に良いとされている黒豆、麦、解熱剤のうさい角という文字が書かれた顔の化物が、2体の麻疹の神を退治しようとしている。,所蔵者：国際日本文化研究センター,,2006,画像,,日本語,親書誌： U426_nichibunken_0010 ：はしか養生草；ハシカヨウジョウグサ,,,所蔵者：国際日本文化研究センター,https://www.nichibun.ac.jp/cgi-bin/YoukaiGazou/card.cgi?identifier=U426_nichibunken_0010_0001_0000,https://www.nichibun.ac.jp/YoukaiGazou/image/U426_nichibunken_0010_0001_0000.jpg
U426_nichibunken_0017_0001_0000,426,0017,0001,0000,しんかんのむし；シンカンノムシ,,病気；ビョウキ，虫；ムシ，しんかん；シンカン,しんかんの虫。細長い胴体に毛が生え、長い口と前足をもつ。,所蔵者：国際日本文化研究センター,,2006,画像,,日本語,親書誌： U426_nichibunken_0017 ：セメンエン；セメンエン,,,所蔵者：国際日本文化研究センター,https://www.nichibun.ac.jp/cgi-bin/YoukaiGazou/card.cgi?identifier=U426_nichibunken_0017_0001_0000,https://www.nichibun.ac.jp/YoukaiGazou/image/U426_nichibunken_0017_0001_0000.jpg
U426_nichibunken_0017_0002_0000,426,0017,0002,0000,しやくむし；シャクムシ,,病気；ビョウキ，虫；ムシ，癪；シャク,癪の虫。水滴を逆さにしたような胴体に、金平糖のような頭部をもつ。,所蔵者：国際日本文化研究センター,,2006,画像,,日本語,親書誌： U426_nichibunken_0017 ：セメンエン；セメンエン,,,所蔵者：国際日本文化研究センター,https://www.nichibun.ac.jp/cgi-bin/YoukaiGazou/card.cgi?identifier=U426_nichibunken_0017_0002_0000,https://www.nichibun.ac.jp/YoukaiGazou/image/U426_nichibunken_0017_0002_0000.jpg
U426_nichibunken_0017_0003_0000,426,0017,0003,0000,ひかんのむし；ヒカンノムシ,,病気；ビョウキ，虫；ムシ，ひかん；ヒカン,ひかんの虫。鳥の様な頭部、長い前足、膨れた腹部に尾がつながる。,所蔵者：国際日本文化研究センター,,2006,画像,,日本語,親書誌： U426_nichibunken_0017 ：セメンエン；セメンエン,,,所蔵者：国際日本文化研究センター,https://www.nichibun.ac.jp/cgi-bin/YoukaiGazou/card.cgi?identifier=U426_nichibunken_0017_0003_0000,https://www.nichibun.ac.jp/YoukaiGazou/image/U426_nichibunken_0017_0003_0000.jpg
U426_nichibunken_0017_0004_0000,426,0017,0004,0000,きやうふうのむし；キョウフウノムシ,,病気；ビョウキ，虫；ムシ，驚風；キョウフウ,きょうふうの虫。魚のように鱗のある形だが、胴体には毛が生えている。,所蔵者：国際日本文化研究センター,,2006,画像,,日本語,親書誌： U426_nichibunken_0017 ：セメンエン；セメンエン,,,所蔵者：国際日本文化研究センター,https://www.nichibun.ac.jp/cgi-bin/YoukaiGazou/card.cgi?identifier=U426_nichibunken_0017_0004_0000,https://www.nichibun.ac.jp/YoukaiGazou/image/U426_nichibunken_0017_0004_0000.jpg
U426_nichibunken_0017_0005_0000,426,0017,0005,0000,よなきむし；ヨナキムシ,,病気；ビョウキ，虫；ムシ，夜泣き；ヨナキ,夜泣き虫。ミミズのように細長い形状をしており、口先が長く出ている。,所蔵者：国際日本文化研究センター,,2006,画像,,日本語,親書誌： U426_nichibunken_0017 ：セメンエン；セメンエン,,,所蔵者：国際日本文化研究センター,https://www.nichibun.ac.jp/cgi-bin/YoukaiGazou/card.cgi?identifier=U426_nichibunken_0017_0005_0000,https://www.nichibun.ac.jp/YoukaiGazou/image/U426_nichibunken_0017_0005_0000.jpg
U426_nichibunken_0017_0006_0000,426,0017,0006,0000,くわいちうのむし；カイチュウノムシ,,病気；ビョウキ，虫；ムシ，回虫；カイチュウ,回虫の虫。細長い糸のような形状をしている。,所蔵者：国際日本文化研究センター,,2006,画像,,日本語,親書誌： U426_nichibunken_0017 ：セメンエン；セメンエン,,,所蔵者：国際日本文化研究センター,https://www.nichibun.ac.jp/cgi-bin/YoukaiGazou/card.cgi?identifier=U426_nichibunken_0017_0006_0000,https://www.nichibun.ac.jp/YoukaiGazou/image/U426_nichibunken_0017_0006_0000.jpg
U426_nichibunken_0017_0007_0000,426,0017,0007,0000,けつくわいのむし；ケッカイノムシ,,病気；ビョウキ，虫；ムシ，血塊；ケッカイ,血塊の虫。渦巻状で周りには毛が生えている。,所蔵者：国際日本文化研究センター,,2006,画像,,日本語,親書誌： U426_nichibunken_0017 ：セメンエン；セメンエン,,,所蔵者：国際日本文化研究センター,https://www.nichibun.ac.jp/cgi-bin/YoukaiGazou/card.cgi?identifier=U426_nichibunken_0017_0007_0000,https://www.nichibun.ac.jp/YoukaiGazou/image/U426_nichibunken_0017_0007_0000.jpg
U426_nichibunken_0017_0008_0000,426,0017,0008,0000,せんきのむし；センキノムシ,,病気；ビョウキ，虫；ムシ，疝気；センキ,疝気の虫。蛇のような形状をしている。,所蔵者：国際日本文化研究センター,,2006,画像,,日本語,親書誌： U426_nichibunken_0017 ：セメンエン；セメンエン,,,所蔵者：国際日本文化研究センター,https://www.nichibun.ac.jp/cgi-bin/YoukaiGazou/card.cgi?identifier=U426_nichibunken_0017_0008_0000,https://www.nichibun.ac.jp/YoukaiGazou/image/U426_nichibunken_0017_0008_0000.jpg
U426_nichibunken_0017_0009_0000,426,0017,0009,0000,すいかんのむし；スイカンノムシ,,病気；ビョウキ，虫；ムシ，すいかん；スイカン,すいかんの虫。鳥の様な頭部と、長い前足を持つ。,所蔵者：国際日本文化研究センター,,2006,画像,,日本語,親書誌： U426_nichibunken_0017 ：セメンエン；セメンエン,,,所蔵者：国際日本文化研究センター,https://www.nichibun.ac.jp/cgi-bin/YoukaiGazou/card.cgi?identifier=U426_nichibunken_0017_0009_0000,https://www.nichibun.ac.jp/YoukaiGazou/image/U426_nichibunken_0017_0009_0000.jpg
U426_nichibunken_0017_0010_0000,426,0017,0010,0000,らうがいのむし；ロウガイノムシ,,病気；ビョウキ，虫；ムシ，労咳；ロウガイ,労咳の虫。柵状で連結部には丸い器官のようなものがある。,所蔵者：国際日本文化研究センター,,2006,画像,,日本語,親書誌： U426_nichibunken_0017 ：セメンエン；セメンエン,,,所蔵者：国際日本文化研究センター,https://www.nichibun.ac.jp/cgi-bin/YoukaiGazou/card.cgi?identifier=U426_nichibunken_0017_0010_0000,https://www.nichibun.ac.jp/YoukaiGazou/image/U426_nichibunken_0017_0010_0000.jpg
U426_nichibunken_0017_0011_0000,426,0017,0011,0000,かたかいのむし；カタカイノムシ,,病気；ビョウキ，虫；ムシ，かたかい；カタカイ,かたかいの虫。長い前足と尾をもつ。,所蔵者：国際日本文化研究センター,,2006,画像,,日本語,親書誌： U426_nichibunken_0017 ：セメンエン；セメンエン,,,所蔵者：国際日本文化研究センター,https://www.nichibun.ac.jp/cgi-bin/YoukaiGazou/card.cgi?identifier=U426_nichibunken_0017_0011_0000,https://www.nichibun.ac.jp/YoukaiGazou/image/U426_nichibunken_0017_0011_0000.jpg
U426_nichibunken_0042_0001_0000,426,0042,0001,0000,閻魔；エンマ,,閻魔；エンマ,閻魔大王が死者を審議している様子が描かれている。,所蔵者：国際日本文化研究センター,,2006,画像,,日本語,親書誌： U426_nichibunken_0042 ：しんぱん邪氣はらい；シンパンジャキハライ,,,所蔵者：国際日本文化研究センター,https://www.nichibun.ac.jp/cgi-bin/YoukaiGazou/card.cgi?identifier=U426_nichibunken_0042_0001_0000,https://www.nichibun.ac.jp/YoukaiGazou/image/U426_nichibunken_0042_0001_0000.jpg
U426_nichibunken_0051_0001_0000,426,0051,0001,0000,相生松のせい；アイオイマツノセイ,,相生松；アイオイマツ，精；セイ,相生松の精である尉と姥の姿が描かれている。右面には、尉が熊手を持っている姿が描かれている。左面、姥は箒を持っている。,所蔵者：国際日本文化研究センター,,2006,画像,,日本語,親書誌： U426_nichibunken_0051 ：怪物画本；カイブツエホン,,,所蔵者：国際日本文化研究センター,https://www.nichibun.ac.jp/cgi-bin/YoukaiGazou/card.cgi?identifier=U426_nichibunken_0051_0001_0000,https://www.nichibun.ac.jp/YoukaiGazou/image/U426_nichibunken_0051_0001_0000.jpg
U426_nichibunken_0051_0002_0000,426,0051,0002,0000,鵺；ヌエ,,鵺；ヌエ,頭が猿、胴は狸、尻尾は蛇、四肢は虎という、鵺が黒雲の上にのっている。鵺からは赤い稲妻が発せられている。,所蔵者：国際日本文化研究センター,,2006,画像,,日本語,親書誌： U426_nichibunken_0051 ：怪物画本；カイブツエホン,,,所蔵者：国際日本文化研究センター,https://www.nichibun.ac.jp/cgi-bin/YoukaiGazou/card.cgi?identifier=U426_nichibunken_0051_0002_0000,https://www.nichibun.ac.jp/YoukaiGazou/image/U426_nichibunken_0051_0002_0000.jpg
U426_nichibunken_0051_0003_0000,426,0051,0003,0000,實方霊入内雀；サネカタノレイジュダイスズメ,,藤原実方；フジワラサネカタ，霊；レイ，雀；スズメ,破れ傷んだ束帯姿の藤原実方が葛篭にもたれ座っている。彼の口からは、多くの雀たちが飛び立っている。,所蔵者：国際日本文化研究センター,,2006,画像,,日本語,親書誌： U426_nichibunken_0051 ：怪物画本；カイブツエホン,,,所蔵者：国際日本文化研究センター,https://www.nichibun.ac.jp/cgi-bin/YoukaiGazou/card.cgi?identifier=U426_nichibunken_0051_0003_0000,https://www.nichibun.ac.jp/YoukaiGazou/image/U426_nichibunken_0051_0003_0000.jpg
U426_nichibunken_0051_0004_0000,426,0051,0004,0000,守屋霊寺つつき；モリヤノレイテラツツキ,,物部守屋；モノノベモリヤ，啄木鳥；キツツキ，霊；レイ,物部守屋の恨みが啄木鳥の姿となって飛び立っていく姿が描かれている。,所蔵者：国際日本文化研究センター,,2006,画像,,日本語,親書誌： U426_nichibunken_0051 ：怪物画本；カイブツエホン,,,所蔵者：国際日本文化研究センター,https://www.nichibun.ac.jp/cgi-bin/YoukaiGazou/card.cgi?identifier=U426_nichibunken_0051_0004_0000,https://www.nichibun.ac.jp/YoukaiGazou/image/U426_nichibunken_0051_0004_0000.jpg
U426_nichibunken_0051_0007_0000,426,0051,0007,0000,笑女；ワライメ,,大女；オオオンナ，笑い；わらい,笑女が口元を手で隠し笑っている。その背丈は塀を越えるくらいに大きい。,所蔵者：国際日本文化研究センター,,2006,画像,,日本語,親書誌： U426_nichibunken_0051 ：怪物画本；カイブツエホン,,,所蔵者：国際日本文化研究センター,https://www.nichibun.ac.jp/cgi-bin/YoukaiGazou/card.cgi?identifier=U426_nichibunken_0051_0007_0000,https://www.nichibun.ac.jp/YoukaiGazou/image/U426_nichibunken_0051_0007_0000.jpg
U426_nichibunken_0051_0008_0000,426,0051,0008,0000,大佛怪物；ダイブツカイブツ,,髑髏；ドクロ，骸骨；ガイコツ,寺院と思われる縁側に、いくつもの崩れかけた髑髏が山のように積み上げられている。頂上の髑髏には目玉がある。,所蔵者：国際日本文化研究センター,,2006,画像,,日本語,親書誌： U426_nichibunken_0051 ：怪物画本；カイブツエホン,,,所蔵者：国際日本文化研究センター,https://www.nichibun.ac.jp/cgi-bin/YoukaiGazou/card.cgi?identifier=U426_nichibunken_0051_0008_0000,https://www.nichibun.ac.jp/YoukaiGazou/image/U426_nichibunken_0051_0008_0000.jpg
U426_nichibunken_0051_0010_0000,426,0051,0010,0000,いやや；イヤヤ,,川；カワ，姿見；スガタミ,緋色の着物を着た女が、自らの顔を川面に映す後姿が描かれている。しかし、水面には、ひげを生やした男の顔が映っている。,所蔵者：国際日本文化研究センター,,2006,画像,,日本語,親書誌： U426_nichibunken_0051 ：怪物画本；カイブツエホン,,,所蔵者：国際日本文化研究センター,https://www.nichibun.ac.jp/cgi-bin/YoukaiGazou/card.cgi?identifier=U426_nichibunken_0051_0010_0000,https://www.nichibun.ac.jp/YoukaiGazou/image/U426_nichibunken_0051_0010_0000.jpg
U426_nichibunken_0051_0013_0000,426,0051,0013,0000,宗玄火；ソウゲンビ,,宗玄；ソウゲン，怪火；カイカ,火をまとい浮遊する男の頭部が川面を渡っている。,所蔵者：国際日本文化研究センター,,2006,画像,,日本語,親書誌： U426_nichibunken_0051 ：怪物画本；カイブツエホン,,,所蔵者：国際日本文化研究センター,https://www.nichibun.ac.jp/cgi-bin/YoukaiGazou/card.cgi?identifier=U426_nichibunken_0051_0013_0000,https://www.nichibun.ac.jp/YoukaiGazou/image/U426_nichibunken_0051_0013_0000.jpg
U426_nichibunken_0051_0014_0000,426,0051,0014,0000,姥が火；ウバガビ,,怪火；カイカ,老婆の頭部が炎をまとい、空を飛んでいる。,所蔵者：国際日本文化研究センター,,2006,画像,,日本語,親書誌： U426_nichibunken_0051 ：怪物画本；カイブツエホン,,,所蔵者：国際日本文化研究センター,https://www.nichibun.ac.jp/cgi-bin/YoukaiGazou/card.cgi?identifier=U426_nichibunken_0051_0014_0000,https://www.nichibun.ac.jp/YoukaiGazou/image/U426_nichibunken_0051_0014_0000.jpg
U426_nichibunken_0051_0015_0000,426,0051,0015,0000,庫裏婆々化；コクリババ,,庫裏婆々化；コクリババ,山寺に住みつく婆の化物。,所蔵者：国際日本文化研究センター,,2006,画像,,日本語,親書誌： U426_nichibunken_0051 ：怪物画本；カイブツエホン,,,所蔵者：国際日本文化研究センター,https://www.nichibun.ac.jp/cgi-bin/YoukaiGazou/card.cgi?identifier=U426_nichibunken_0051_0015_0000,https://www.nichibun.ac.jp/YoukaiGazou/image/U426_nichibunken_0051_0015_0000.jpg
U426_nichibunken_0051_0016_0000,426,0051,0016,0000,をしろい婆々；オシロイババ,,笠；カサ,大きな笠をかぶり、腰の曲がった老女が、右手に杖を、左手に徳利を持ち雪道を歩いている。,所蔵者：国際日本文化研究センター,,2006,画像,,日本語,親書誌： U426_nichibunken_0051 ：怪物画本；カイブツエホン,,,所蔵者：国際日本文化研究センター,https://www.nichibun.ac.jp/cgi-bin/YoukaiGazou/card.cgi?identifier=U426_nichibunken_0051_0016_0000,https://www.nichibun.ac.jp/YoukaiGazou/image/U426_nichibunken_0051_0016_0000.jpg
U426_nichibunken_0051_0017_0000,426,0051,0017,0000,野寺坊；ノデラボウ,,鐘；カネ，僧；ソウ,大きな鐘の前に僧形の男が立っている。男の体は獣のように毛で覆われ、手足には鋭い爪がみえる。破れた法衣から出された手は顔の前で垂れている。,所蔵者：国際日本文化研究センター,,2006,画像,,日本語,親書誌： U426_nichibunken_0051 ：怪物画本；カイブツエホン,,,所蔵者：国際日本文化研究センター,https://www.nichibun.ac.jp/cgi-bin/YoukaiGazou/card.cgi?identifier=U426_nichibunken_0051_0017_0000,https://www.nichibun.ac.jp/YoukaiGazou/image/U426_nichibunken_0051_0017_0000.jpg
U426_nichibunken_0051_0018_0000,426,0051,0018,0000,山男；ヤマオトコ,,山男；ヤマオトコ，一つ目；ヒトツメ,山中に一つ目の山男が立っている。髪は長く顔は白ひげで覆われ、手足には鋭い爪が生え体毛が濃い。上半身は裸で木の葉の腰蓑、木の枝を持っている。,所蔵者：国際日本文化研究センター,,2006,画像,,日本語,親書誌： U426_nichibunken_0051 ：怪物画本；カイブツエホン,,,所蔵者：国際日本文化研究センター,https://www.nichibun.ac.jp/cgi-bin/YoukaiGazou/card.cgi?identifier=U426_nichibunken_0051_0018_0000,https://www.nichibun.ac.jp/YoukaiGazou/image/U426_nichibunken_0051_0018_0000.jpg
U426_nichibunken_0051_0019_0000,426,0051,0019,0000,一目坊主；ヒトツメボウズ,,一つ目；ヒトツメ，僧；ソウ,古い庵の前に、僧形の男が立っている。両の目を閉じ、額の一つ目を開いている。,所蔵者：国際日本文化研究センター,,2006,画像,,日本語,親書誌： U426_nichibunken_0051 ：怪物画本；カイブツエホン,,,所蔵者：国際日本文化研究センター,https://www.nichibun.ac.jp/cgi-bin/YoukaiGazou/card.cgi?identifier=U426_nichibunken_0051_0019_0000,https://www.nichibun.ac.jp/YoukaiGazou/image/U426_nichibunken_0051_0019_0000.jpg
U426_nichibunken_0051_0021_0000,426,0051,0021,0000,見越入道；ミコシニュウドウ,,入道；ニュウドウ,草鞋がぶら下がった木の袂に見越入道が立っている。背が高く、首が長い。白衣から覗く肌には濃い体毛が生えている。また、手足には鋭い爪がある。,所蔵者：国際日本文化研究センター,,2006,画像,,日本語,親書誌： U426_nichibunken_0051 ：怪物画本；カイブツエホン,,,所蔵者：国際日本文化研究センター,https://www.nichibun.ac.jp/cgi-bin/YoukaiGazou/card.cgi?identifier=U426_nichibunken_0051_0021_0000,https://www.nichibun.ac.jp/YoukaiGazou/image/U426_nichibunken_0051_0021_0000.jpg
U426_nichibunken_0051_0023_0000,426,0051,0023,0000,うぶめ；ウブメ,,産女；ウブメ，赤子；アカゴ,うぶめが赤子を抱いている姿が描かれている。裾の部分が血に染まった腰巻を身にまとっている。,所蔵者：国際日本文化研究センター,,2006,画像,,日本語,親書誌： U426_nichibunken_0051 ：怪物画本；カイブツエホン,,,所蔵者：国際日本文化研究センター,https://www.nichibun.ac.jp/cgi-bin/YoukaiGazou/card.cgi?identifier=U426_nichibunken_0051_0023_0000,https://www.nichibun.ac.jp/YoukaiGazou/image/U426_nichibunken_0051_0023_0000.jpg
U426_nichibunken_0051_0024_0000,426,0051,0024,0000,海座頭；ウミザトウ,,座頭；ザトウ，海；ウミ，船；フネ,琵琶を背負った座頭が、海の上に立っている。画面左端には、船の一部が描かれている。,所蔵者：国際日本文化研究センター,,2006,画像,,日本語,親書誌： U426_nichibunken_0051 ：怪物画本；カイブツエホン,,,所蔵者：国際日本文化研究センター,https://www.nichibun.ac.jp/cgi-bin/YoukaiGazou/card.cgi?identifier=U426_nichibunken_0051_0024_0000,https://www.nichibun.ac.jp/YoukaiGazou/image/U426_nichibunken_0051_0024_0000.jpg
U426_nichibunken_0051_0025_0000,426,0051,0025,0000,狸はら鼓；タヌキハラヅツミ,,狸；タヌキ，腹鼓；ハラヅツミ,夜、紅葉が植えられた庵の前で、狸が腹鼓を打っている。,所蔵者：国際日本文化研究センター,,2006,画像,,日本語,親書誌： U426_nichibunken_0051 ：怪物画本；カイブツエホン,,,所蔵者：国際日本文化研究センター,https://www.nichibun.ac.jp/cgi-bin/YoukaiGazou/card.cgi?identifier=U426_nichibunken_0051_0025_0000,https://www.nichibun.ac.jp/YoukaiGazou/image/U426_nichibunken_0051_0025_0000.jpg
U426_nichibunken_0051_0027_0000,426,0051,0027,0000,死りやう；シリョウ,,死霊；シリョウ，蚊帳；カヤ,蚊帳の中に死霊が忍びこもうとしている。死霊は白衣で、髪が長く口が耳まで裂けてる。死霊の後ろには幣帛、数珠、錫状などが置いてある。,所蔵者：国際日本文化研究センター,,2006,画像,,日本語,親書誌： U426_nichibunken_0051 ：怪物画本；カイブツエホン,,,所蔵者：国際日本文化研究センター,https://www.nichibun.ac.jp/cgi-bin/YoukaiGazou/card.cgi?identifier=U426_nichibunken_0051_0027_0000,https://www.nichibun.ac.jp/YoukaiGazou/image/U426_nichibunken_0051_0027_0000.jpg
U426_nichibunken_0051_0028_0000,426,0051,0028,0000,生りやう；イキリョウ,,生霊；イキリョウ,行灯の後ろに、女の生霊が立っている。手には巻物を持っている。部屋には刀や本などが置いてある。,所蔵者：国際日本文化研究センター,,2006,画像,,日本語,親書誌： U426_nichibunken_0051 ：怪物画本；カイブツエホン,,,所蔵者：国際日本文化研究センター,https://www.nichibun.ac.jp/cgi-bin/YoukaiGazou/card.cgi?identifier=U426_nichibunken_0051_0028_0000,https://www.nichibun.ac.jp/YoukaiGazou/image/U426_nichibunken_0051_0028_0000.jpg
U426_nichibunken_0051_0029_0000,426,0051,0029,0000,ふつけし婆々；フッケシババ,,提灯；チョウチン,白い着物の老婆が、戸前に置いてある提灯の火を吹き消している。,所蔵者：国際日本文化研究センター,,2006,画像,,日本語,親書誌： U426_nichibunken_0051 ：怪物画本；カイブツエホン,,,所蔵者：国際日本文化研究センター,https://www.nichibun.ac.jp/cgi-bin/YoukaiGazou/card.cgi?identifier=U426_nichibunken_0051_0029_0000,https://www.nichibun.ac.jp/YoukaiGazou/image/U426_nichibunken_0051_0029_0000.jpg
U426_nichibunken_0051_0030_0000,426,0051,0030,0000,狸坊；タヌキボウ,,狸坊；タヌキボウ,僧侶に化けた狸が囲炉裏端に座っている。紫の頭巾をかぶり、手には火箸を持っている。,所蔵者：国際日本文化研究センター,,2006,画像,,日本語,親書誌： U426_nichibunken_0051 ：怪物画本；カイブツエホン,,,所蔵者：国際日本文化研究センター,https://www.nichibun.ac.jp/cgi-bin/YoukaiGazou/card.cgi?identifier=U426_nichibunken_0051_0030_0000,https://www.nichibun.ac.jp/YoukaiGazou/image/U426_nichibunken_0051_0030_0000.jpg
U426_nichibunken_0051_0031_0000,426,0051,0031,0000,くわしや；カシャ,,火車；カシャ，猫；ネコ，炎；ホノオ,渦巻く黒雲を背景に、屋根の上で火車が女の死体を抱えている。火車の周りには炎が噴出している。,所蔵者：国際日本文化研究センター,,2006,画像,,日本語,親書誌： U426_nichibunken_0051 ：怪物画本；カイブツエホン,,,所蔵者：国際日本文化研究センター,https://www.nichibun.ac.jp/cgi-bin/YoukaiGazou/card.cgi?identifier=U426_nichibunken_0051_0031_0000,https://www.nichibun.ac.jp/YoukaiGazou/image/U426_nichibunken_0051_0031_0000.jpg
U426_nichibunken_0051_0033_0000,426,0051,0033,0000,猫また；ネコマタ,,猫；ネコ,赤い手拭いを頭にのせ、尻尾が2つに分かれた猫またが、縁側に後ろ足で立っている。その様子を白い手拭いをかぶった虎猫がみている。さらに障子を破ってもう1匹の猫が上半身だけを外に出している。,所蔵者：国際日本文化研究センター,,2006,画像,,日本語,親書誌： U426_nichibunken_0051 ：怪物画本；カイブツエホン,,,所蔵者：国際日本文化研究センター,https://www.nichibun.ac.jp/cgi-bin/YoukaiGazou/card.cgi?identifier=U426_nichibunken_0051_0033_0000,https://www.nichibun.ac.jp/YoukaiGazou/image/U426_nichibunken_0051_0033_0000.jpg
U426_nichibunken_0051_0034_0000,426,0051,0034,0000,らいごふ；ライゴウ,,頼豪；ライゴウ，鼠；ネズミ，鉄鼠；テッソ,三井寺の僧頼豪の霊が鉄鼠となり経蔵に忍びこんで教典を食い破ろうとしている。周りに黒い鼠が数匹描かれている。,所蔵者：国際日本文化研究センター,,2006,画像,,日本語,親書誌： U426_nichibunken_0051 ：怪物画本；カイブツエホン,,,所蔵者：国際日本文化研究センター,https://www.nichibun.ac.jp/cgi-bin/YoukaiGazou/card.cgi?identifier=U426_nichibunken_0051_0034_0000,https://www.nichibun.ac.jp/YoukaiGazou/image/U426_nichibunken_0051_0034_0000.jpg
U426_nichibunken_0052_0014_0000,426,0052,0014,0000,うはん；ウワン,北斎季親,うわん；ウワン,黒い体に黄色い目をした化物。大きく口を開き、舌を突き出している。3本指の先には鋭い爪がついている。,所蔵者：国際日本文化研究センター,,2007,画像,,日本語,親書誌： U426_nichibunken_0052 ：化物尽絵巻；バケモノヅクシエマキ,,,所蔵者：国際日本文化研究センター,https://www.nichibun.ac.jp/cgi-bin/YoukaiGazou/card.cgi?identifier=U426_nichibunken_0052_0014_0000,https://www.nichibun.ac.jp/YoukaiGazou/image/U426_nichibunken_0052_0014_0000.jpg
U426_nichibunken_0052_0015_0000,426,0052,0015,0000,猫また；ネコマタ,北斎季親,猫又；ネコマタ，猫；ネコ,三味線を弾いている猫の化物。長い髪が生えている。着物の裾から尻尾が見えている。,所蔵者：国際日本文化研究センター,,2007,画像,,日本語,親書誌： U426_nichibunken_0052 ：化物尽絵巻；バケモノヅクシエマキ,,,所蔵者：国際日本文化研究センター,https://www.nichibun.ac.jp/cgi-bin/YoukaiGazou/card.cgi?identifier=U426_nichibunken_0052_0015_0000,https://www.nichibun.ac.jp/YoukaiGazou/image/U426_nichibunken_0052_0015_0000.jpg
U426_nichibunken_0052_0018_0000,426,0052,0018,0000,山童；ヤマワロ,北斎季親,山童；ヤマワロ，一つ目；ヒトツメ,一つ目の子供。木の葉の腰巻きをつけ、両手には枝葉を持っている。,所蔵者：国際日本文化研究センター,,2007,画像,,日本語,親書誌： U426_nichibunken_0052 ：化物尽絵巻；バケモノヅクシエマキ,,,所蔵者：国際日本文化研究センター,https://www.nichibun.ac.jp/cgi-bin/YoukaiGazou/card.cgi?identifier=U426_nichibunken_0052_0018_0000,https://www.nichibun.ac.jp/YoukaiGazou/image/U426_nichibunken_0052_0018_0000.jpg
U426_nichibunken_0052_0019_0000,426,0052,0019,0000,ぶらり火；ブラリビ,北斎季親,ぶらり火；ブラリビ,小さな翼の生えた、鳥のような化物。体は白く、大きく口を開いている。この化物の背後から火炎が噴出している。,所蔵者：国際日本文化研究センター,,2007,画像,,日本語,親書誌： U426_nichibunken_0052 ：化物尽絵巻；バケモノヅクシエマキ,,,所蔵者：国際日本文化研究センター,https://www.nichibun.ac.jp/cgi-bin/YoukaiGazou/card.cgi?identifier=U426_nichibunken_0052_0019_0000,https://www.nichibun.ac.jp/YoukaiGazou/image/U426_nichibunken_0052_0019_0000.jpg
U426_nichibunken_0053_0001_0001,426,0053,0001,0001,,,鼻；ハナ,紺色の着物と赤い帯をつけた女の化物。袖で口元を隠している。両目が離れ、鼻が異様に大きい。,所蔵者：国際日本文化研究センター,,2006,画像,,日本語,親書誌： U426_nichibunken_0053 ：化物婚礼絵巻；バケモノコンレイエマキ,,,所蔵者：国際日本文化研究センター,https://www.nichibun.ac.jp/cgi-bin/YoukaiGazou/card.cgi?identifier=U426_nichibunken_0053_0001_0001,https://www.nichibun.ac.jp/YoukaiGazou/image/U426_nichibunken_0053_0001_0001.jpg
U426_nichibunken_0053_0001_0002,426,0053,0001,0002,,,舌；シタ,灰色の着物をまとった老婆の化物。顔は獣のようで、口が裂け赤い舌を出している。3本の指には鋭い爪が生えており、煙管を握っている。,所蔵者：国際日本文化研究センター,,2006,画像,,日本語,親書誌： U426_nichibunken_0053 ：化物婚礼絵巻；バケモノコンレイエマキ,,,所蔵者：国際日本文化研究センター,https://www.nichibun.ac.jp/cgi-bin/YoukaiGazou/card.cgi?identifier=U426_nichibunken_0053_0001_0002,https://www.nichibun.ac.jp/YoukaiGazou/image/U426_nichibunken_0053_0001_0002.jpg
U426_nichibunken_0053_0001_0003,426,0053,0001,0003,,,煙管；キセル，髭；ヒゲ,格子柄の着物を着た化物。灰色の手拭いをかぶっている。白く長い眉と顎ひげ、口元には獣のようにひげが生えている。赤い舌を出しながら煙管を吸っている。,所蔵者：国際日本文化研究センター,,2006,画像,,日本語,親書誌： U426_nichibunken_0053 ：化物婚礼絵巻；バケモノコンレイエマキ,,,所蔵者：国際日本文化研究センター,https://www.nichibun.ac.jp/cgi-bin/YoukaiGazou/card.cgi?identifier=U426_nichibunken_0053_0001_0003,https://www.nichibun.ac.jp/YoukaiGazou/image/U426_nichibunken_0053_0001_0003.jpg
U426_nichibunken_0053_0001_0004,426,0053,0001,0004,,,煙管；キセル,赤い着物に青色の羽織をまとった化物。頭部は歪み、口が裂けている。右手に煙管を持っている。,所蔵者：国際日本文化研究センター,,2006,画像,,日本語,親書誌： U426_nichibunken_0053 ：化物婚礼絵巻；バケモノコンレイエマキ,,,所蔵者：国際日本文化研究センター,https://www.nichibun.ac.jp/cgi-bin/YoukaiGazou/card.cgi?identifier=U426_nichibunken_0053_0001_0004,https://www.nichibun.ac.jp/YoukaiGazou/image/U426_nichibunken_0053_0001_0004.jpg
U426_nichibunken_0053_0002_0000,426,0053,0002,0000,,,火鉢；ヒバチ，縁談；エンダン,部屋の中で火鉢を挟んで化物たちが語らっている。右側には禿頭で3本指の男。赤く開いた口からは舌が伸び、指には鋭い爪がある。左手前には肌が赤く禿げ頭で太い老人が毛皮の敷物に胡坐をかいている。その男の右肩を小ぶりな化物が後ろから揉んでいる。左手奥には、肌が青白く白髪の老婆が、両の掌を開き立膝で身を乗り出すように座っている。その表情は笑みを湛えている。最奥には襖の陰に隠れるようにして、男が部屋の様子をうかがっている。男の肌は浅黒く、目の周りはさらに黒く口をへの字に曲げている。右側の男が左側の夫婦と思われる化物に縁談を持ちかけ、息子である男が襖の奥から様子をうかがっている場面と思われる。,所蔵者：国際日本文化研究センター,,2006,画像,,日本語,親書誌： U426_nichibunken_0053 ：化物婚礼絵巻；バケモノコンレイエマキ,,,所蔵者：国際日本文化研究センター,https://www.nichibun.ac.jp/cgi-bin/YoukaiGazou/card.cgi?identifier=U426_nichibunken_0053_0002_0000,https://www.nichibun.ac.jp/YoukaiGazou/image/U426_nichibunken_0053_0002_0000.jpg
U426_nichibunken_0053_0002_0001,426,0053,0002,0001,,,爪；ツメ,赤い着物に青色の羽織をまとった化物。禿げ頭で下唇が伸び、3本指の先には鋭い爪が生えている。,所蔵者：国際日本文化研究センター,,2006,画像,,日本語,親書誌： U426_nichibunken_0053 ：化物婚礼絵巻；バケモノコンレイエマキ,,,所蔵者：国際日本文化研究センター,https://www.nichibun.ac.jp/cgi-bin/YoukaiGazou/card.cgi?identifier=U426_nichibunken_0053_0002_0001,https://www.nichibun.ac.jp/YoukaiGazou/image/U426_nichibunken_0053_0002_0001.jpg
U426_nichibunken_0053_0002_0002,426,0053,0002,0002,,,痘痕；アバタ,襖の奥から覗く化物。目は丸く見開かれ、顔中に黒い染みのような痘痕がある。,所蔵者：国際日本文化研究センター,,2006,画像,,日本語,親書誌： U426_nichibunken_0053 ：化物婚礼絵巻；バケモノコンレイエマキ,,,所蔵者：国際日本文化研究センター,https://www.nichibun.ac.jp/cgi-bin/YoukaiGazou/card.cgi?identifier=U426_nichibunken_0053_0002_0002,https://www.nichibun.ac.jp/YoukaiGazou/image/U426_nichibunken_0053_0002_0002.jpg
U426_nichibunken_0053_0002_0003,426,0053,0002,0003,,,老婆；ロウバ,肌が青い老婆のような化物。一見普通の人間のようだが、指が3本であり、鋭い爪が生えている。,所蔵者：国際日本文化研究センター,,2006,画像,,日本語,親書誌： U426_nichibunken_0053 ：化物婚礼絵巻；バケモノコンレイエマキ,,,所蔵者：国際日本文化研究センター,https://www.nichibun.ac.jp/cgi-bin/YoukaiGazou/card.cgi?identifier=U426_nichibunken_0053_0002_0003,https://www.nichibun.ac.jp/YoukaiGazou/image/U426_nichibunken_0053_0002_0003.jpg
U426_nichibunken_0053_0002_0004,426,0053,0002,0004,,,赤い肌；アカイハダ,毛皮に胡坐をかいた老人のような化け物。頭は禿げており、肌は赤く、眉毛は白く太い。,所蔵者：国際日本文化研究センター,,2006,画像,,日本語,親書誌： U426_nichibunken_0053 ：化物婚礼絵巻；バケモノコンレイエマキ,,,所蔵者：国際日本文化研究センター,https://www.nichibun.ac.jp/cgi-bin/YoukaiGazou/card.cgi?identifier=U426_nichibunken_0053_0002_0004,https://www.nichibun.ac.jp/YoukaiGazou/image/U426_nichibunken_0053_0002_0004.jpg
U426_nichibunken_0053_0002_0005,426,0053,0002,0005,,,肩揉み；カタモミ,赤い肌の化物にまとわりつく小さな化物。肩を揉んでいるように見える。,所蔵者：国際日本文化研究センター,,2006,画像,,日本語,親書誌： U426_nichibunken_0053 ：化物婚礼絵巻；バケモノコンレイエマキ,,,所蔵者：国際日本文化研究センター,https://www.nichibun.ac.jp/cgi-bin/YoukaiGazou/card.cgi?identifier=U426_nichibunken_0053_0002_0005,https://www.nichibun.ac.jp/YoukaiGazou/image/U426_nichibunken_0053_0002_0005.jpg
U426_nichibunken_0053_0003_0000,426,0053,0003,0000,,,見合い；ミアイ,3体の女の化物が立っている。右側には、黒い帯に灰色の着物で雪下駄を履いた獣のような顔をした女の化物。手足の指は3本で鋭く尖っており、中央の化物に話しかけている。中央には紺の着物に赤い帯で堂島を履いた女の化物。両目が離れ鼻が大きく、口元を袖で隠している。これから祝言を挙げる婿を見て照れているためである。左側には藍縞の着物に赤い帯の子供の化物。肌は浅黒く両目と眉が離れ、鼻は大きく上を向き、唇は赤く腫れている。手には風呂敷包みを持っている。,所蔵者：国際日本文化研究センター,,2006,画像,,日本語,親書誌： U426_nichibunken_0053 ：化物婚礼絵巻；バケモノコンレイエマキ,,,所蔵者：国際日本文化研究センター,https://www.nichibun.ac.jp/cgi-bin/YoukaiGazou/card.cgi?identifier=U426_nichibunken_0053_0003_0000,https://www.nichibun.ac.jp/YoukaiGazou/image/U426_nichibunken_0053_0003_0000.jpg
U426_nichibunken_0053_0003_0001,426,0053,0003,0001,,,老婆；ロウバ,灰色の着物をまとった老婆の化物が立っている。普通の人間のように見えるが、獣に似た顔立ちに、手足には鋭い爪が生えている。,所蔵者：国際日本文化研究センター,,2006,画像,,日本語,親書誌： U426_nichibunken_0053 ：化物婚礼絵巻；バケモノコンレイエマキ,,,所蔵者：国際日本文化研究センター,https://www.nichibun.ac.jp/cgi-bin/YoukaiGazou/card.cgi?identifier=U426_nichibunken_0053_0003_0001,https://www.nichibun.ac.jp/YoukaiGazou/image/U426_nichibunken_0053_0003_0001.jpg
U426_nichibunken_0053_0003_0002,426,0053,0003,0002,,,鼻；ハナ,着物姿の化物が立っている。一見、普通の人間のように見えるが、両目が離れ鼻が大きく顔の半分ほどもある。,所蔵者：国際日本文化研究センター,,2006,画像,,日本語,親書誌： U426_nichibunken_0053 ：化物婚礼絵巻；バケモノコンレイエマキ,,,所蔵者：国際日本文化研究センター,https://www.nichibun.ac.jp/cgi-bin/YoukaiGazou/card.cgi?identifier=U426_nichibunken_0053_0003_0002,https://www.nichibun.ac.jp/YoukaiGazou/image/U426_nichibunken_0053_0003_0002.jpg
U426_nichibunken_0053_0003_0003,426,0053,0003,0003,,,子供；コドモ,子供のような化物。縞模様の着物に包みを持っている。顔色は悪く、離れた両目や上を向いた鼻、赤く厚い唇が特徴的である。,所蔵者：国際日本文化研究センター,,2006,画像,,日本語,親書誌： U426_nichibunken_0053 ：化物婚礼絵巻；バケモノコンレイエマキ,,,所蔵者：国際日本文化研究センター,https://www.nichibun.ac.jp/cgi-bin/YoukaiGazou/card.cgi?identifier=U426_nichibunken_0053_0003_0003,https://www.nichibun.ac.jp/YoukaiGazou/image/U426_nichibunken_0053_0003_0003.jpg
U426_nichibunken_0053_0004_0000,426,0053,0004,0000,,,見合い；ミアイ,これから祝言を挙げる花嫁と見合う場面。「うしみつや」と書かれた店先に男の化物2体が座っている。右側は赤い着物に空色の羽織、紺色の股引に雪駄姿。頭部がひどく歪み、赤い口元からは2つに割れた舌が伸びている。上がり框に右足を掛け、3本指の手には煙管を握っている。左側は花嫁を娶る婿で、柑子色の着物に灰色の羽織、扇子を持っている。髪の毛は少なく、髷を結っている。肌は浅黒く目の周りは一層黒い。口元は獣のように割れていて、尖った耳まで裂けている。奥では、店の者と思われる老婆の化物が立っている。結い上げた頭に簪を挿し、黄海松茶色の着物に高下駄を履いている。顔は青白く骨ばっていて、両目が離れ鼻が大きい。老婆が立っている店の中の台には、火鉢の形をした獣が茶瓶の湯を沸かしている。,所蔵者：国際日本文化研究センター,,2006,画像,,日本語,親書誌： U426_nichibunken_0053 ：化物婚礼絵巻；バケモノコンレイエマキ,,,所蔵者：国際日本文化研究センター,https://www.nichibun.ac.jp/cgi-bin/YoukaiGazou/card.cgi?identifier=U426_nichibunken_0053_0004_0000,https://www.nichibun.ac.jp/YoukaiGazou/image/U426_nichibunken_0053_0004_0000.jpg
U426_nichibunken_0053_0004_0001,426,0053,0004,0001,,,赤い舌；アカイシタ,茶店の縁台に腰掛ける化物。牙が生えた口から赤い舌を出し、3本指で起用に煙管を持っている。,所蔵者：国際日本文化研究センター,,2006,画像,,日本語,親書誌： U426_nichibunken_0053 ：化物婚礼絵巻；バケモノコンレイエマキ,,,所蔵者：国際日本文化研究センター,https://www.nichibun.ac.jp/cgi-bin/YoukaiGazou/card.cgi?identifier=U426_nichibunken_0053_0004_0001,https://www.nichibun.ac.jp/YoukaiGazou/image/U426_nichibunken_0053_0004_0001.jpg
U426_nichibunken_0053_0004_0002,426,0053,0004,0002,,,痘痕；アバタ,茶店の縁台に腰掛ける化物。目の周りには黒い染みができ、3本指で扇子を持っている。,所蔵者：国際日本文化研究センター,,2006,画像,,日本語,親書誌： U426_nichibunken_0053 ：化物婚礼絵巻；バケモノコンレイエマキ,,,所蔵者：国際日本文化研究センター,https://www.nichibun.ac.jp/cgi-bin/YoukaiGazou/card.cgi?identifier=U426_nichibunken_0053_0004_0002,https://www.nichibun.ac.jp/YoukaiGazou/image/U426_nichibunken_0053_0004_0002.jpg
U426_nichibunken_0053_0004_0003,426,0053,0004,0003,,,老婆；ロウバ,茶屋の女将と思われる化物。肌の色は青く、骨がむき出しになったような顎の形である。,所蔵者：国際日本文化研究センター,,2006,画像,,日本語,親書誌： U426_nichibunken_0053 ：化物婚礼絵巻；バケモノコンレイエマキ,,,所蔵者：国際日本文化研究センター,https://www.nichibun.ac.jp/cgi-bin/YoukaiGazou/card.cgi?identifier=U426_nichibunken_0053_0004_0003,https://www.nichibun.ac.jp/YoukaiGazou/image/U426_nichibunken_0053_0004_0003.jpg
U426_nichibunken_0053_0005_0000,426,0053,0005,0000,,,長持；ナガモチ，提灯；チョウチン，器物；キブツ,祝儀の品を運ぶ化物と提灯など器物の化物の行列。左端と中央手前には一つ目で提灯に1本ずつ手足が生えた化物。右端には袴姿で肌が赤く顔が歪んだ化物。中央には2台の長持をそれぞれ2体の人足風の化物が担いでいる。長持に掛けられた覆いには目が描かれ、この長持自体も化物である。,所蔵者：国際日本文化研究センター,,2006,画像,,日本語,親書誌： U426_nichibunken_0053 ：化物婚礼絵巻；バケモノコンレイエマキ,,,所蔵者：国際日本文化研究センター,https://www.nichibun.ac.jp/cgi-bin/YoukaiGazou/card.cgi?identifier=U426_nichibunken_0053_0005_0000,https://www.nichibun.ac.jp/YoukaiGazou/image/U426_nichibunken_0053_0005_0000.jpg
U426_nichibunken_0053_0005_0001,426,0053,0005,0001,,,扇子；センス，赤；アカ,赤い肌の化物。裃を着て扇子を持っている。,所蔵者：国際日本文化研究センター,,2006,画像,,日本語,親書誌： U426_nichibunken_0053 ：化物婚礼絵巻；バケモノコンレイエマキ,,,所蔵者：国際日本文化研究センター,https://www.nichibun.ac.jp/cgi-bin/YoukaiGazou/card.cgi?identifier=U426_nichibunken_0053_0005_0001,https://www.nichibun.ac.jp/YoukaiGazou/image/U426_nichibunken_0053_0005_0001.jpg
U426_nichibunken_0053_0005_0002,426,0053,0005,0002,,,鳥；トリ，双頭；ソウトウ,長持の後ろを担ぐ化物。頭部が2つあり、どちらも嘴のある鳥のような形をしている。2つの首の間に長持の棹を挟んでいる。,所蔵者：国際日本文化研究センター,,2006,画像,,日本語,親書誌： U426_nichibunken_0053 ：化物婚礼絵巻；バケモノコンレイエマキ,,,所蔵者：国際日本文化研究センター,https://www.nichibun.ac.jp/cgi-bin/YoukaiGazou/card.cgi?identifier=U426_nichibunken_0053_0005_0002,https://www.nichibun.ac.jp/YoukaiGazou/image/U426_nichibunken_0053_0005_0002.jpg
U426_nichibunken_0053_0005_0003,426,0053,0005,0003,,,提灯；チョウチン，一つ目；ヒトツメ,提灯の化物。一つ目で、手足が1本ずつ生えている。,所蔵者：国際日本文化研究センター,,2006,画像,,日本語,親書誌： U426_nichibunken_0053 ：化物婚礼絵巻；バケモノコンレイエマキ,,,所蔵者：国際日本文化研究センター,https://www.nichibun.ac.jp/cgi-bin/YoukaiGazou/card.cgi?identifier=U426_nichibunken_0053_0005_0003,https://www.nichibun.ac.jp/YoukaiGazou/image/U426_nichibunken_0053_0005_0003.jpg
U426_nichibunken_0053_0005_0004,426,0053,0005,0004,,,長持；ナガモチ,長持の化物。掛けられた幕に大きな両目がついている。,所蔵者：国際日本文化研究センター,,2006,画像,,日本語,親書誌： U426_nichibunken_0053 ：化物婚礼絵巻；バケモノコンレイエマキ,,,所蔵者：国際日本文化研究センター,https://www.nichibun.ac.jp/cgi-bin/YoukaiGazou/card.cgi?identifier=U426_nichibunken_0053_0005_0004,https://www.nichibun.ac.jp/YoukaiGazou/image/U426_nichibunken_0053_0005_0004.jpg
U426_nichibunken_0053_0005_0005,426,0053,0005,0005,,,長持；ナガモチ,長持の前を担ぐ化物。着物の裾を端折り、頭部の窪みで長持の棹を支えている。,所蔵者：国際日本文化研究センター,,2006,画像,,日本語,親書誌： U426_nichibunken_0053 ：化物婚礼絵巻；バケモノコンレイエマキ,,,所蔵者：国際日本文化研究センター,https://www.nichibun.ac.jp/cgi-bin/YoukaiGazou/card.cgi?identifier=U426_nichibunken_0053_0005_0005,https://www.nichibun.ac.jp/YoukaiGazou/image/U426_nichibunken_0053_0005_0005.jpg
U426_nichibunken_0053_0005_0006,426,0053,0005,0006,,,長持；ナガモチ，鼻；ハナ,長持の後方を担ぐ化物。肌の色は青く、大きな鼻は上へ曲がりながら突き出している。,所蔵者：国際日本文化研究センター,,2006,画像,,日本語,親書誌： U426_nichibunken_0053 ：化物婚礼絵巻；バケモノコンレイエマキ,,,所蔵者：国際日本文化研究センター,https://www.nichibun.ac.jp/cgi-bin/YoukaiGazou/card.cgi?identifier=U426_nichibunken_0053_0005_0006,https://www.nichibun.ac.jp/YoukaiGazou/image/U426_nichibunken_0053_0005_0006.jpg
U426_nichibunken_0053_0006_0000,426,0053,0006,0000,,,提灯；チョウチン，鯛；タイ,祝儀を運ぶ化物たちの先頭。羽織袴姿の化物を先頭に、提灯と鯛の化物が続いている。羽織袴の化物は、頭が瓢箪のように伸びており、鯰のようなひげを生やしている。提灯は一つ目で手足が1本ずつ生えており、吊具を自ら持ち支えている。鯛は自ら白木台に乗り進んでいる。,所蔵者：国際日本文化研究センター,,2006,画像,,日本語,親書誌： U426_nichibunken_0053 ：化物婚礼絵巻；バケモノコンレイエマキ,,,所蔵者：国際日本文化研究センター,https://www.nichibun.ac.jp/cgi-bin/YoukaiGazou/card.cgi?identifier=U426_nichibunken_0053_0006_0000,https://www.nichibun.ac.jp/YoukaiGazou/image/U426_nichibunken_0053_0006_0000.jpg
U426_nichibunken_0053_0006_0001,426,0053,0006,0001,,,鯛；タイ,白木台に自ら乗る鯛の化物。,所蔵者：国際日本文化研究センター,,2006,画像,,日本語,親書誌： U426_nichibunken_0053 ：化物婚礼絵巻；バケモノコンレイエマキ,,,所蔵者：国際日本文化研究センター,https://www.nichibun.ac.jp/cgi-bin/YoukaiGazou/card.cgi?identifier=U426_nichibunken_0053_0006_0001,https://www.nichibun.ac.jp/YoukaiGazou/image/U426_nichibunken_0053_0006_0001.jpg
U426_nichibunken_0053_0006_0002,426,0053,0006,0002,,,提灯；チョウチン，一つ目；ヒトツメ,提灯の化物。一つ目で、手足が1本ずつ生えている。,所蔵者：国際日本文化研究センター,,2006,画像,,日本語,親書誌： U426_nichibunken_0053 ：化物婚礼絵巻；バケモノコンレイエマキ,,,所蔵者：国際日本文化研究センター,https://www.nichibun.ac.jp/cgi-bin/YoukaiGazou/card.cgi?identifier=U426_nichibunken_0053_0006_0002,https://www.nichibun.ac.jp/YoukaiGazou/image/U426_nichibunken_0053_0006_0002.jpg
U426_nichibunken_0053_0006_0003,426,0053,0006,0003,,,頭；アタマ，髭；ヒゲ,裃を着た化物。頭部は瓢箪のように伸び、鯰のような口ひげが生えている。,所蔵者：国際日本文化研究センター,,2006,画像,,日本語,親書誌： U426_nichibunken_0053 ：化物婚礼絵巻；バケモノコンレイエマキ,,,所蔵者：国際日本文化研究センター,https://www.nichibun.ac.jp/cgi-bin/YoukaiGazou/card.cgi?identifier=U426_nichibunken_0053_0006_0003,https://www.nichibun.ac.jp/YoukaiGazou/image/U426_nichibunken_0053_0006_0003.jpg
U426_nichibunken_0053_0007_0000,426,0053,0007,0000,,,結納；ユイノウ，狸；タヌキ，骸骨；ガイコツ,結納の使者が婚家へ口上の挨拶に参じた場面。紅白の水引で飾った一対の樽。白木台に仰向けに寝かされた狸を挟んで、2体の化物が相対している。手前が結納の使者。羽織袴姿で顔は象のように鼻が長く、口は耳まで裂けている。そして正座をし、口上を述べている。奥には3体の骸骨が描かれた衝立を背にして正座した化物が口上を受けている。大きく開かれた口からは、2本の鋭い牙が覗いている。,所蔵者：国際日本文化研究センター,,2006,画像,,日本語,親書誌： U426_nichibunken_0053 ：化物婚礼絵巻；バケモノコンレイエマキ,,,所蔵者：国際日本文化研究センター,https://www.nichibun.ac.jp/cgi-bin/YoukaiGazou/card.cgi?identifier=U426_nichibunken_0053_0007_0000,https://www.nichibun.ac.jp/YoukaiGazou/image/U426_nichibunken_0053_0007_0000.jpg
U426_nichibunken_0053_0007_0001,426,0053,0007,0001,,,鼻；ハナ,裃を着た化物。象のように長い鼻で、口は耳まで裂けている。,所蔵者：国際日本文化研究センター,,2006,画像,,日本語,親書誌： U426_nichibunken_0053 ：化物婚礼絵巻；バケモノコンレイエマキ,,,所蔵者：国際日本文化研究センター,https://www.nichibun.ac.jp/cgi-bin/YoukaiGazou/card.cgi?identifier=U426_nichibunken_0053_0007_0001,https://www.nichibun.ac.jp/YoukaiGazou/image/U426_nichibunken_0053_0007_0001.jpg
U426_nichibunken_0053_0007_0002,426,0053,0007,0002,,,狸；タヌキ,白木台に乗った狸の化物。,所蔵者：国際日本文化研究センター,,2006,画像,,日本語,親書誌： U426_nichibunken_0053 ：化物婚礼絵巻；バケモノコンレイエマキ,,,所蔵者：国際日本文化研究センター,https://www.nichibun.ac.jp/cgi-bin/YoukaiGazou/card.cgi?identifier=U426_nichibunken_0053_0007_0002,https://www.nichibun.ac.jp/YoukaiGazou/image/U426_nichibunken_0053_0007_0002.jpg
U426_nichibunken_0053_0007_0003,426,0053,0007,0003,,,牙；キバ,裃を着た化物。大きく開いた口から2本の鋭い牙が覗いている。,所蔵者：国際日本文化研究センター,,2006,画像,,日本語,親書誌： U426_nichibunken_0053 ：化物婚礼絵巻；バケモノコンレイエマキ,,,所蔵者：国際日本文化研究センター,https://www.nichibun.ac.jp/cgi-bin/YoukaiGazou/card.cgi?identifier=U426_nichibunken_0053_0007_0003,https://www.nichibun.ac.jp/YoukaiGazou/image/U426_nichibunken_0053_0007_0003.jpg
U426_nichibunken_0053_0007_0004,426,0053,0007,0004,,,骸骨；ガイコツ,衝立に描かれた3体の骸骨。,所蔵者：国際日本文化研究センター,,2006,画像,,日本語,親書誌： U426_nichibunken_0053 ：化物婚礼絵巻；バケモノコンレイエマキ,,,所蔵者：国際日本文化研究センター,https://www.nichibun.ac.jp/cgi-bin/YoukaiGazou/card.cgi?identifier=U426_nichibunken_0053_0007_0004,https://www.nichibun.ac.jp/YoukaiGazou/image/U426_nichibunken_0053_0007_0004.jpg
U426_nichibunken_0053_0008_0000,426,0053,0008,0000,,,嫁入り道具；ヨメイリドウグ，長持；ナガモチ，提灯；チョウチン,嫁入り道具を運ぶ化物たち。2棹の長持をそれぞれ2体の化物が担いでいる。担ぎ手の化物には鼻が大きい者、四ッ目の者、口が顔の中央にある者などがいる。また長持に掛けられた覆いには目が描かれており、この長持自体もまた化物である。手前には随伴した一つ目の提灯の化物が、転んで自らの火で張り紙を燃やしている。,所蔵者：国際日本文化研究センター,,2006,画像,,日本語,親書誌： U426_nichibunken_0053 ：化物婚礼絵巻；バケモノコンレイエマキ,,,所蔵者：国際日本文化研究センター,https://www.nichibun.ac.jp/cgi-bin/YoukaiGazou/card.cgi?identifier=U426_nichibunken_0053_0008_0000,https://www.nichibun.ac.jp/YoukaiGazou/image/U426_nichibunken_0053_0008_0000.jpg
U426_nichibunken_0053_0008_0001,426,0053,0008,0001,,,四つ目；ヨツメ，長持；ナガモチ,長持を担ぐ化物。四つ目で手足には鋭い爪が生えている。,所蔵者：国際日本文化研究センター,,2006,画像,,日本語,親書誌： U426_nichibunken_0053 ：化物婚礼絵巻；バケモノコンレイエマキ,,,所蔵者：国際日本文化研究センター,https://www.nichibun.ac.jp/cgi-bin/YoukaiGazou/card.cgi?identifier=U426_nichibunken_0053_0008_0001,https://www.nichibun.ac.jp/YoukaiGazou/image/U426_nichibunken_0053_0008_0001.jpg
U426_nichibunken_0053_0008_0002,426,0053,0008,0002,,,長持；ナガモチ,長持を担ぐ化物。手足には鋭い爪が生えている。,所蔵者：国際日本文化研究センター,,2006,画像,,日本語,親書誌： U426_nichibunken_0053 ：化物婚礼絵巻；バケモノコンレイエマキ,,,所蔵者：国際日本文化研究センター,https://www.nichibun.ac.jp/cgi-bin/YoukaiGazou/card.cgi?identifier=U426_nichibunken_0053_0008_0002,https://www.nichibun.ac.jp/YoukaiGazou/image/U426_nichibunken_0053_0008_0002.jpg
U426_nichibunken_0053_0008_0003,426,0053,0008,0003,,,提灯；チョウチン，一つ目；ヒトツメ,転倒して火がついた提灯の化物。一つ目で、手足が1本ずつ生えている。,所蔵者：国際日本文化研究センター,,2006,画像,,日本語,親書誌： U426_nichibunken_0053 ：化物婚礼絵巻；バケモノコンレイエマキ,,,所蔵者：国際日本文化研究センター,https://www.nichibun.ac.jp/cgi-bin/YoukaiGazou/card.cgi?identifier=U426_nichibunken_0053_0008_0003,https://www.nichibun.ac.jp/YoukaiGazou/image/U426_nichibunken_0053_0008_0003.jpg
U426_nichibunken_0053_0008_0004,426,0053,0008,0004,,,長持；ナガモチ,長持を担ぐ化物。歪んだ頭部の左右に丸い目がつき、その間に口がある。口からは赤い舌が出ており、3本指の手足からは鋭い爪が生えている。,所蔵者：国際日本文化研究センター,,2006,画像,,日本語,親書誌： U426_nichibunken_0053 ：化物婚礼絵巻；バケモノコンレイエマキ,,,所蔵者：国際日本文化研究センター,https://www.nichibun.ac.jp/cgi-bin/YoukaiGazou/card.cgi?identifier=U426_nichibunken_0053_0008_0004,https://www.nichibun.ac.jp/YoukaiGazou/image/U426_nichibunken_0053_0008_0004.jpg
U426_nichibunken_0053_0008_0005,426,0053,0008,0005,,,長持；ナガモチ，鼻；ハナ,長持を担ぐ化物。大きな鼻で、棹を掴む指先からは鋭い爪が生えている。,所蔵者：国際日本文化研究センター,,2006,画像,,日本語,親書誌： U426_nichibunken_0053 ：化物婚礼絵巻；バケモノコンレイエマキ,,,所蔵者：国際日本文化研究センター,https://www.nichibun.ac.jp/cgi-bin/YoukaiGazou/card.cgi?identifier=U426_nichibunken_0053_0008_0005,https://www.nichibun.ac.jp/YoukaiGazou/image/U426_nichibunken_0053_0008_0005.jpg
U426_nichibunken_0053_0008_0006,426,0053,0008,0006,,,長持；ナガモチ,長持の化物。覆い幕には大きな両目が描かれている。,所蔵者：国際日本文化研究センター,,2006,画像,,日本語,親書誌： U426_nichibunken_0053 ：化物婚礼絵巻；バケモノコンレイエマキ,,,所蔵者：国際日本文化研究センター,https://www.nichibun.ac.jp/cgi-bin/YoukaiGazou/card.cgi?identifier=U426_nichibunken_0053_0008_0006,https://www.nichibun.ac.jp/YoukaiGazou/image/U426_nichibunken_0053_0008_0006.jpg
U426_nichibunken_0053_0009_0001,426,0053,0009,0001,,,提灯；チョウチン，炎；ホノオ,張り紙のない提灯の化物。手足が1本ずつ生えている。,所蔵者：国際日本文化研究センター,,2006,画像,,日本語,親書誌： U426_nichibunken_0053 ：化物婚礼絵巻；バケモノコンレイエマキ,,,所蔵者：国際日本文化研究センター,https://www.nichibun.ac.jp/cgi-bin/YoukaiGazou/card.cgi?identifier=U426_nichibunken_0053_0009_0001,https://www.nichibun.ac.jp/YoukaiGazou/image/U426_nichibunken_0053_0009_0001.jpg
U426_nichibunken_0053_0009_0002,426,0053,0009,0002,,,琵琶；ビワ,琵琶の化物。面に両目が描かれ、弦は切れている。蓑のような衣装を身にまとっている。足は3本指で鋭い爪が生えている。両手で琴の化物の切れた弦を持ち、琴を引っ張っている。,所蔵者：国際日本文化研究センター,,2006,画像,,日本語,親書誌： U426_nichibunken_0053 ：化物婚礼絵巻；バケモノコンレイエマキ,,,所蔵者：国際日本文化研究センター,https://www.nichibun.ac.jp/cgi-bin/YoukaiGazou/card.cgi?identifier=U426_nichibunken_0053_0009_0002,https://www.nichibun.ac.jp/YoukaiGazou/image/U426_nichibunken_0053_0009_0002.jpg
U426_nichibunken_0053_0009_0004,426,0053,0009,0004,,,髷；マゲ，扇子；センス,青色の羽織に袴をはいた化物。髷を結い、額が大きく、目元が赤くなっている。赤い鞘の脇差を差し、右手に扇子を持っている。,所蔵者：国際日本文化研究センター,,2006,画像,,日本語,親書誌： U426_nichibunken_0053 ：化物婚礼絵巻；バケモノコンレイエマキ,,,所蔵者：国際日本文化研究センター,https://www.nichibun.ac.jp/cgi-bin/YoukaiGazou/card.cgi?identifier=U426_nichibunken_0053_0009_0004,https://www.nichibun.ac.jp/YoukaiGazou/image/U426_nichibunken_0053_0009_0004.jpg
U426_nichibunken_0053_0010_0000,426,0053,0010,0000,,,花嫁衣裳；ハナヨメイショウ，縫い物；ヌイモノ，囲炉裏；イロリ,花嫁衣裳を仕立てる化物たち。針箱を囲んで3体の化物が反物から衣装を縫い上げている。それぞれ顔に特徴があり、画面左は狸のような獣面。中央は眼鏡をかけ額は禿げ上がり、口が耳まで裂けている。右は頭頂部が2つに割れている。またこの作業の様子を、囲炉裏の前に座った化物が眺めている。手には煙管を持っていることから休憩中のように見える。,所蔵者：国際日本文化研究センター,,2006,画像,,日本語,親書誌： U426_nichibunken_0053 ：化物婚礼絵巻；バケモノコンレイエマキ,,,所蔵者：国際日本文化研究センター,https://www.nichibun.ac.jp/cgi-bin/YoukaiGazou/card.cgi?identifier=U426_nichibunken_0053_0010_0000,https://www.nichibun.ac.jp/YoukaiGazou/image/U426_nichibunken_0053_0010_0000.jpg
U426_nichibunken_0053_0010_0001,426,0053,0010,0001,,,囲炉裏；イロリ，煙管；キセル,茶色の着物に緑色の帯を締めた化物。女と思われる。両目が大きく、鼻がない。赤い唇は厚く、開いた口の上顎に歯が並んでいる。囲炉裏端に座り、赤い軸の煙管を両手に持っている。,所蔵者：国際日本文化研究センター,,2006,画像,,日本語,親書誌： U426_nichibunken_0053 ：化物婚礼絵巻；バケモノコンレイエマキ,,,所蔵者：国際日本文化研究センター,https://www.nichibun.ac.jp/cgi-bin/YoukaiGazou/card.cgi?identifier=U426_nichibunken_0053_0010_0001,https://www.nichibun.ac.jp/YoukaiGazou/image/U426_nichibunken_0053_0010_0001.jpg
U426_nichibunken_0053_0010_0002,426,0053,0010,0002,,,縫い物；ヌイモノ,青色の着物に茶色の帯を締めた化物。肌は青黒く、額が割れている。鼻は大きく、唇は赤く厚い。座って膝に茶色の布を置き、糸を針に通そうとしている。,所蔵者：国際日本文化研究センター,,2006,画像,,日本語,親書誌： U426_nichibunken_0053 ：化物婚礼絵巻；バケモノコンレイエマキ,,,所蔵者：国際日本文化研究センター,https://www.nichibun.ac.jp/cgi-bin/YoukaiGazou/card.cgi?identifier=U426_nichibunken_0053_0010_0002,https://www.nichibun.ac.jp/YoukaiGazou/image/U426_nichibunken_0053_0010_0002.jpg
U426_nichibunken_0053_0010_0003,426,0053,0010,0003,,,縫い物；ヌイモノ，眼鏡；メガネ,青色の着物に緑色の前掛けをした化物。肌は黒く、眼鏡をかけ、鼻はない。開けた口の上顎に牙が2本見える。座って両手で茶色の布を持っている。,所蔵者：国際日本文化研究センター,,2006,画像,,日本語,親書誌： U426_nichibunken_0053 ：化物婚礼絵巻；バケモノコンレイエマキ,,,所蔵者：国際日本文化研究センター,https://www.nichibun.ac.jp/cgi-bin/YoukaiGazou/card.cgi?identifier=U426_nichibunken_0053_0010_0003,https://www.nichibun.ac.jp/YoukaiGazou/image/U426_nichibunken_0053_0010_0003.jpg
U426_nichibunken_0053_0010_0004,426,0053,0010,0004,,,縫い物；ヌイモノ,黒色の着物に緑色の帯を締めた化物。両目が垂れ、鼻の下が割れて口になっており、獣のような顔をしている。座って両手で赤色の布を持っている。,所蔵者：国際日本文化研究センター,,2006,画像,,日本語,親書誌： U426_nichibunken_0053 ：化物婚礼絵巻；バケモノコンレイエマキ,,,所蔵者：国際日本文化研究センター,https://www.nichibun.ac.jp/cgi-bin/YoukaiGazou/card.cgi?identifier=U426_nichibunken_0053_0010_0004,https://www.nichibun.ac.jp/YoukaiGazou/image/U426_nichibunken_0053_0010_0004.jpg
U426_nichibunken_0053_0011_0000,426,0053,0011,0000,,,花嫁；ハナヨメ，髪結い；カミユイ,花嫁の仕度をする化物たち。鏡を前にして、化粧をした花嫁が座っている。花嫁の後ろには、襷掛けの化物が花嫁の髪を結っている。右側には燭台に火を灯そうとしている化物。目が丸く出て鼻が潰れ横に広がっている。左側には花嫁の様子を伺う化物。着物姿で髪を結い上げているが顔は獣のようで、鼻の下が割れて歯を剥き出しにし、舌を出している。,所蔵者：国際日本文化研究センター,,2006,画像,,日本語,親書誌： U426_nichibunken_0053 ：化物婚礼絵巻；バケモノコンレイエマキ,,,所蔵者：国際日本文化研究センター,https://www.nichibun.ac.jp/cgi-bin/YoukaiGazou/card.cgi?identifier=U426_nichibunken_0053_0011_0000,https://www.nichibun.ac.jp/YoukaiGazou/image/U426_nichibunken_0053_0011_0000.jpg
U426_nichibunken_0053_0011_0001,426,0053,0011,0001,,,燭台；ショクダイ，鼻；ハナ,赤色の着物に黒色の帯を締めた化物。両目が丸く出て、鼻が潰れて横に広がり、鼻の下が長い。膝立ちで燭台に火を灯そうとしている。,所蔵者：国際日本文化研究センター,,2006,画像,,日本語,親書誌： U426_nichibunken_0053 ：化物婚礼絵巻；バケモノコンレイエマキ,,,所蔵者：国際日本文化研究センター,https://www.nichibun.ac.jp/cgi-bin/YoukaiGazou/card.cgi?identifier=U426_nichibunken_0053_0011_0001,https://www.nichibun.ac.jp/YoukaiGazou/image/U426_nichibunken_0053_0011_0001.jpg
U426_nichibunken_0053_0011_0002,426,0053,0011,0002,,,髪結い；カミユイ,茶色の着物を襷掛けにし、黒色の帯、緑色の前掛けをした化物。肌は青黒く、額が割れている。前に座る化物の髪を結っている。,所蔵者：国際日本文化研究センター,,2006,画像,,日本語,親書誌： U426_nichibunken_0053 ：化物婚礼絵巻；バケモノコンレイエマキ,,,所蔵者：国際日本文化研究センター,https://www.nichibun.ac.jp/cgi-bin/YoukaiGazou/card.cgi?identifier=U426_nichibunken_0053_0011_0002,https://www.nichibun.ac.jp/YoukaiGazou/image/U426_nichibunken_0053_0011_0002.jpg
U426_nichibunken_0053_0011_0003,426,0053,0011,0003,,,鏡；カガミ，鼻；ハナ,黒色の着物に赤色の帯を締めた化物。両目が離れ、鼻が大きく顔の半分ほどもある。鏡の前に座り、後に立つ化物に髪を結われている。,所蔵者：国際日本文化研究センター,,2006,画像,,日本語,親書誌： U426_nichibunken_0053 ：化物婚礼絵巻；バケモノコンレイエマキ,,,所蔵者：国際日本文化研究センター,https://www.nichibun.ac.jp/cgi-bin/YoukaiGazou/card.cgi?identifier=U426_nichibunken_0053_0011_0003,https://www.nichibun.ac.jp/YoukaiGazou/image/U426_nichibunken_0053_0011_0003.jpg
